"Paper Number","Title","Authors","Journal","Publication","Year","Summary"
"1","Automation Tools for DevOps: Leveraging Ansible, Terraform, and Beyond","Authors not extracted","Engineering and Management ISSN","Engineering and Management ISSN","2023","Objectives: aims t o address these gaps by examining how organizations can leverage Ansible, Terraform, and additional tools in a holistic fashion to improve agility, reliability, and scalability of their DevOps workflows. | Methodology: frameworks that incorporate multiple automation tools. | Contributions: contributes to the existing body of knowledge by synthesizing recent research, best practices, and real -world experiences, providing a roadmap for those seeking to strengthen their DevOps automation capabilities. | Limitations: challenges of orchestrating consistent DevOps processes across heterogeneous systems [7]."
"2","Demystifying infrastructure automation: Evolving from scripts to self -healing","Authors not extracted","Advanced Research and Reviews","Advanced Research and Reviews","2025","Objectives: Infrastructure automation has undergone a revolutionary transformation from rudimentary scripting tools to sophisticated AI -driven platforms, fundamentally reshaping enterprise IT operations and competitive dynamics | Methodology: systems represents a fundamental paradigm shift in enterprise IT operations. | Key Findings: 94% and dramatic improvements in operational; 94% improvement that directly translates to a; 70% of their time on routine maintenance task; 43% within three years of World Journal of Ad; 440% increase in development throughput and a; 96% reduction in deployment failures. | Limitations: challenge, with the average enterprise managing 8 -12 different infrastructure management tools across disparate environments [1]."
"3","Automated Cloud Infrastructure-as-Code Reconciliation with","Authors not extracted","arXiv:2510.20211v1 [cs.SE] 23 Oct 2025","arXiv:2510.20211v1 [cs.SE] 23 Oct 2025","2025","Objectives: aims to propagate out-of-band changes back to the IaC program in the form of an update. | Methodology: frameworks will revert non-IaC changes based on the outdated IaC configuration, leading to misconfigurations or failures. | Key Findings: 62% market share as of 2025; 1.47x improvement. | Contributions: contribute a novel evaluation pipeline for injecting drift to cloud infrastructure and assessing reconciliation attempts, by sourcing from authoritative cloud operation examples and transplating them into an IaC-centric framework. | Limitations: challenges and solutions in automated IaC reconciliation in ourNSyncdesign."
"4","International Journal of Scientific Research in Computer Science, Engineering","Authors not extracted","of Scientific Research in Computer Science","of Scientific Research in Computer Science","2025","Methodology: models, particularly in the banking and financial services sector, demonstrates the maturity of cloud solutions in handling sensitive operations. | Key Findings: 13.8% from 2024 to 2030; 42% of the total market share in 2023; 38% in 2023; 28% in 2023; 84% of organizations reporting it as their pr; 67% of organizations have implemented IaC pra. | Contributions: contributed to its strong position in the DevOps ecosystem [4]. | Limitations: challenge s for organizations managing multiple cloud providers."
"5","Terraformization: Revolutionizing Enterprise IT Strategy","Authors not extracted","Engineering and Technology Advances","Engineering and Technology Advances","2025","Objectives: This article presents a comprehensive analysis of Terraformization —the enterprise -wide adoption of Terraform as the primary Infrastructure as Code (IaC) solution —and its transformative impact on modern IT strategy. | Methodology: approaches and examines how leading organizations leverage Terraform to drive innovation acr oss multi -cloud environments. | Key Findings: 78% reduction in security misconfigurations; 91% decrease in credential; 83% fewer change management audit findings; 67% lower disaster recovery costs with 90; 94% of technology sector respondents reported; 47% higher revenue growth and 52. | Contributions: contributes to improved Recovery Time Objectives (RTO), which represents one of the most compelling benefits of Terraformization for business continuity, ensuring that systems can be quickly restored with minimal d owntime. | Limitations: challenges, offering a programmatic approach to infrastructure management."
"6","A Conceptual Model for Secure DevOps Architecture Using Jenkins, Terraform, and Kubernetes","Software Engineer, Mistplay Toronto","of Multidisciplinary Resea rch and Growth Evaluation www.allmultidisciplinaryjo","of Multidisciplinary Resea rch and Growth Evaluation www.allmultidisciplinaryjo","2023","Objectives: This paper proposes a conceptual model for a secure DevOps architecture that leverages Jenkins, Terraform, and Kubernetes to ensure continuous integration, continuous delivery, infrastructure as code (IaC), and container orchestration, all unde rpinned by robust security principles. | Methodology: model for a secure DevOps architecture that leverages Jenkins, Terraform, and Kubernetes to ensure continuous integration, continuous delivery, infrastructure as code (IaC), and container orchestration, all unde rpinned by robust security principles. | Contributions: contributes to the growing body of DevSecOps knowledge by providing a comprehensive framework that operationalizes security from infrastructure provisioning to application deployment. | Limitations: challenges and persistent gaps that threat en the realization of truly secure DevOps environments."
"7","Commons Attribution License which permits  unrestricted use, distribution, and reproduction in any medium, provided the","Authors not extracted","Information Systems Engineering and Management","Information Systems Engineering and Management","2025","Objectives: This paper introduces an advanced framework that enhances traditional health probe -driven remediation with artificial intelligence and machine learning. | Methodology: Systems Manager and enhanced by AI -generated playbooks tailored to novel incidents. | Contributions: contributes to the growing body of knowledge on autonomous systems in Cloud Infrastructure Engineering, which provides evidence of the effectiveness of self -consciousness in the production environment. | Limitations: challenge as the primary barrier to wide spread adoption [3], with most organizations struggling to maintain consistent recovery strategies across platforms."
"9","End-To-End Automation of Multi -Cloud","Cloud Computing, Infrastructure As","Journal not extracted","Journal not extracted","2020","Objectives: Organizations now adopt multi -cloud strategies because cloud computing development enabled them to choose multiple cloud service providers for better performance combined with cost -effectiveness and reliability | Methodology: framework backbone that enables IaC infrastructure provisioning. | Limitations: limitations, thus supporting multi -cloud business goals."
"11","Sreeja Reddy Challa *","Authors not extracted","Advanced Research and Reviews","Advanced Research and Reviews","2025","Objectives: This article examines the strategic implementation of Infrastructure as Code ( IaC) methodologies in enterprise AWS cloud migrations, demonstrating how organizations can enhance automation, security, and scalability throughout their infrastructure lifecycle. | Methodology: approaches achieve substantial improvements in deployment efficiency, configuration consistency, security posture, and operational costs while establishing foundations for future automation capabilities. | Key Findings: 42% adoption rate; 60% faster implementation times for new infra; 60% faster. | Contributions: contribute to a shared repository of patterns and modules. | Limitations: challenges for organizations planning large -scale migrations."
"12","Consistent * Complete * W","Yale University, New Haven","Journal not extracted","Journal not extracted","Unknown","Objectives: goal: helping system administrators manage their infrastructure in the same way as they manage code. | Methodology: technique in a tool, H ayh a, that uses data ow graph analysis. | Contributions: We propose a tool, H ayh a, that detects possible intra-update sniping vulnera- bilities and proposes solutions to users. | Limitations: constraints, there are two possible upgrade plans."
"13","International Journal of Scientific Research in E ngineering and Management  (IJSREM)","Krishna Chirumamilla, Software Development","of Scientific Research in E ngineering and Management (IJSREM)","of Scientific Research in E ngineering and Management (IJSREM)","2021","Objectives: goals of scaling up organizations ' operations. | Methodology: systems and complexes as well as VPCs, data sources, and load balancers with only one template. | Contributions: In conclusion, Cloud Formation has created innovative solutions that can help industries that need flexibility in action and compliance with the most stringent regulatory requirements at the same time."
"14","462 | This work is licensed under a Creative Commons Attribution 4.0 International License .","Authors not extracted","Information Technology","Information Technology","2024","Objectives: aims to reduce operational costs by leveraging open - source tools, automating migration processes, and minimizing reliance on expensive proprietary services. | Methodology: models of cloud services a challenge. | Key Findings: 90% as compared to standard Azure configurati; 30% on infrastructure management; 0% costs on resource monitoring and maintain; 70% of SMEs in low; 65% of SMEs reported cloud services as expens; 44% of SMEs in sub. | Contributions: contributes valuable insights into how organizations can achieve low -cost, scalable, and efficient cloud infrastructure operations. | Limitations: constraints as a major barrier to adopting digital technologies, including cloud computing."
"15","International Journal of Leading Research Publication (IJLRP)","Authors not extracted","of Leading Research Publication (IJLRP)","of Leading Research Publication (IJLRP)","2020","Objectives: Purpose The article contrasts and compares leading tools and strategic trends for automating infrastructure deployment in DevOps pipelines —with a focus on scalability. | Methodology: techniques of better infrastructure management in DevOps environments. | Limitations: constraints Use Case Example : A financial institution uses Ansible to configure internal servers, install packages, apply security hardening, and manage firewall rules across on -premises data centers and Azure."
"17","Scalable GitOps Models for Multi -Cloud Infrastructure as","Authors not extracted","of Computing and Engineering","of Computing and Engineering","2022","Objectives: As enterprises embrace multi -cloud strategies to enhance agility, reduce vendor lock -in, and meet regulatory requirements, the need for scalable and reliable infrastructure management becomes critical | Methodology: models tailored for multi - cloud deployments, highlighting key a rchitectural patterns, toolchains, and workflows that enable secure, auditable, and automated infrastructure operations. | Key Findings: 977x Accepted. | Limitations: challenges, including managing cloud -specific constructs, handling provider versioning differences, and ensuring idempotency across platforms."
"20","Multi-IaC-Eval: Benchmarking Cloud Infrastructure","Sam Davidson, Li Sun, Bhavana Bhasker, Laurent Callot, Anoop Deoras","arXiv:2509.05303v1 [cs.DC] 21 Aug 2025","arXiv:2509.05303v1 [cs.DC] 21 Aug 2025","2019","Objectives: We present Multi-IaC-Bench, a novel benchmark dataset for evaluating LLM-based IaC generation and mutation across AWS CloudFormation, Terraform, and Cloud Development Kit (CDK) formats. | Methodology: frameworks such as CloudFormation, the Cloud Development Kit (CDK), and Terraform, teams can confidently replicate applications across environments, make iterative changes, and ensure consistent infrastructure provisioning. | Key Findings: 56.7% of the test cases; 8.9% unit test pass; 98% of test cases; 70.79% of cases; 56.81% functional equivalency. | Contributions: we propose a novel benchmark dataset to evaluate the task of using natural language requests to generate and/or modify IaC templates. | Limitations: challenges is the need to create datasets of curated examples for system evaluation and model training across multiple IaC formats."
"22","Digital Object Identifier 10.1 109/ACCESS.2020.2966597","Authors not extracted","this manuscript and","this manuscript and","2019","Objectives: objective of the present work is to compare a model-driven tool (Argon) with a well-known code-centric tool (Ansible) in order to provide empirical evidence of their effectiveness when de ning the cloud infrastructure, and the participants' perceptions when using these tools. | Methodology: approach supports code-centric tools that use scripts to specify the creation, updating and execution of cloud infrastructure resources. | Contributions: we proposed an infrastructure mod- eling approach and tool called Argon for cloud provisioning, which leverages model-driven engineering and supports the IaC approach. | Limitations: challenges in many of today's orga- nizations is how to deliver a new idea or software artifact to customers as fast as possible."
"23","Latest updates: hps://dl.acm.org/doi/10.1145/3689799","Authors not extracted","the ACM on Programming Languages","the ACM on Programming Languages","2026","Objectives: aim to understand: (1) how these bugs manifest, (2) their underlying root causes, (3) their reproduction requirements in terms of system state (e. | Methodology: systems GEORGIOS-PETROS DROSOS∗,ETH Zurich, Switzerland THODORIS SOTIROPOULOS∗,ETH Zurich, Switzerland GEORGIOS ALEXOPOULOS ,University of Athens, Greece DIMITRIS MITROPOULOS ,University of Athens, Greece ZHENDONG SU ,ETH Zurich, Switzerland Modern applications have become increasingly complex and their manual installation and configuration is no longer practical. | Key Findings: 37% of these bug. | Contributions: Contributions: Our work makes the following contributions: •We present the first systematic study of IaC bugs taken from popular ecosystems, and create a corresponding reference dataset containing 24,807 issues (Section 3). | Limitations: limitations, and provide a set of recommendations for future research."
"24","International Journal of Scientific Research in E ngineering and Management  (IJSREM)","Authors not extracted","of Scientific Research in E ngineering and Management (IJSREM)","of Scientific Research in E ngineering and Management (IJSREM)","2024","Objectives: This paper examines the role of automation in cloud in - frastructure management, focusing on how it can improve efficiency, reliability, and security in cloud -based systems. | Methodology: framework that supports business continuity and agility. | Contributions: novel model for addressing cloud storage challenges, particu - larly emphasizing the relationship between storage reliability and the physical performance of storage disks. | Limitations: challenges, and discusses best practices for implementing automation in complex cloud environments."
"25","Strategies for managing hybrid cloud architectures with IaC: A practical fram ework","Authors not extracted","of Science and Research Archive","of Science and Research Archive","2025","Objectives: This article presents a comprehensive framework for managing hybrid cloud architectures through Infrastructure as Code (IaC), addressing the complex challenges organizations face when maintaining infrastructure across on -premises and cloud environments. | Methodology: frameworks and implementation approaches . | Key Findings: 23% increase in operational efficiency after; 23% increase. | Limitations: challenges in maintaining consistent state management across complex hybrid environments."
"26","Provider -Agnostic Infrastructure As Code : A","Authors not extracted","INTERNATIONAL CRISIS AND RISK COMMUNICATION RESEARCH","INTERNATIONAL CRISIS AND RISK COMMUNICATION RESEARCH","2025","Objectives: This work presents a modular automation framework addressing these challenges through provider -agnostic abstraction patterns implemented using Infrastructure as Code principles. | Methodology: framework introduces reusable modules for core infrastructure components including networking, identity management, compute, and monitoring systems. | Limitations: limitations when addressing enterprise -scale deployments."
"27","International Journal of Scientific Research in E ngineering and Management  (IJSREM)","Authors not extracted","of Scientific Research in E ngineering and Management (IJSREM)","of Scientific Research in E ngineering and Management (IJSREM)","2025","Objectives: we propose a fully automated pipeline for drift detection and model retraining, designed to ensure sustained model performance with minimal human intervention. | Methodology: model reliability and pre - dictive accuracy in production systems. | Contributions: we propose an automated drift detection and retraining pipeline tailored for deployed machine learning models. | Limitations: challenges in maintaining the reliability and accuracy of predictive systems, particularly in critical applications such as fraud detection, healthcare diagnostics, and real -time recommendation engines."
"29","Int. J. Engg.  Res. & Sci. & Tech.  2024","Continuous Compliance, Oracle Database, Apache Cassandra, Data Governance","Journal not extracted","Journal not extracted","2024","Objectives: This work presents three primary contribu tions aimed at securing and governing DevSecOps pipelines for Oracle –Cassandra hybrid systems: 1. | Methodology: models, controls mapping (ISO/IEC 27001:2022, SOC 2, NIST SP 800 -53 Rev. | Key Findings: 37% reduction in compliance violation rates a; 42% improvement in remediation time; 37% reduction; 42% improvement. | Contributions: Contributions: This work presents three primary contribu tions aimed at securing and governing DevSecOps pipelines for Oracle –Cassandra hybrid systems: 1. | Limitations: constraints of Oracle, which can slow coordinated release cycles."
"30","Detecting and addressing model drift: Automated monitoring and real -time","Authors not extracted","Advanced Research and Reviews","Advanced Research and Reviews","2019","Objectives: this paper aims to provide actionable insights for data scientists, MLOps engineers, and AI practitioners to build resilient, self -healing ML pipelines that sustain performan ce in dynamic data environments. | Methodology: Model drift can manifest in several forms, including concept drift, where the relationship between features and labels changes; covariate shift, where the distribution of input features evolves; and label drift, where the frequency of class labels varies o ver time. | Limitations: constraints on data collection and model predictions."
"31","Sreeja Reddy Challa *","Authors not extracted","Advanced Engineering Technology and Sciences","Advanced Engineering Technology and Sciences","2025","Objectives: We present a maturity model for implementation, an economic analy sis demonstrating typical ROI within 9 -14 months, and organizational considerations for successful adoption. | Methodology: frameworks using Lambda and Step Functions, and event -driven governance through AWS Config and Security Hub. | Contributions: novel issues and correlate seemingly unrelated events. | Limitations: challenges and limitations of autonomous cloud engineering, including the need for appropriate human oversight, the technical complexity of implementation, and organizational change management requirements."
"33","Int. j. adv. multidisc . res. stud. 2023; 3(6):1634-1643","Megacode Company, Dallas Texas","Integration Techniques in Hybrid Cloud Infrastructure","Integration Techniques in Hybrid Cloud Infrastructure","2023","Objectives: aims to evaluate and synthesize the current landscape of integration techniques used in hybrid cloud infrastructure projects, with a focus on interoperability, orchestration, data synchronization, and security compliance. | Methodology: frameworks, and tools employed in hybrid cloud integration. | Contributions: contributes to the steep learning curve and maintenance burden for IT teams. | Limitations: challenge in deploying hybrid cloud systems lies in the complexity of integration."
"36","Evangelos Ntentos2, Uwe Zdun2, Martin Becker3, Elena Heldwein3","Ghareeb Falazi, Uwe Breitenb","Software Architecture","Software Architecture","2022","Objectives: purposes orforcreating newcollective works forresale orredistribution toservers orlists, ortoreuse anycopyrighted component ofthiswork inother works must beobtained from theIEEE. | Methodology: Systems 2Research Group Software Architecture Faculty of Computer Science, University of Vienna, Austria {firstname. | Contributions: we propose a uniform compliance rule format capable of handling the heterogeneity of IaC tech- nologies. | Limitations: challenges: First, ensuring the compliance of IaC code only during design-time is not enough due to conﬁguration drift , i."
"37","International Journal on Science and Technology (IJSAT)","Authors not extracted","on Science and Technology (IJSAT)","on Science and Technology (IJSAT)","2022","Objectives: Objectives: • To develop an automated infrastructure deployment framework that integrates seamlessly embedded policy enforcement to ensure that all infrastructure changes adhere to predefined security and governance requirements across the deployment life cycle. | Methodology: model that combines IaC and PaC to automate infrastructure provisioning and policy enforcement in a consistent way throughout the deployment pipeline. | Contributions: novel architecture and framework for access control policy specification and enforcement, J. | Limitations: challenge because the architectures are dynamic and distributed in nature and need instant provisioning, perpetual updates, and smooth scaling across a wide variety of cloud environments."
"38","International Journal of Scientific Research in Computer Science, Engineering","Authors not extracted","of Scientific Research in Computer Science","of Scientific Research in Computer Science","2024","Objectives: This article examines the implementation and impact of Infrastructure as Code (IaC) practices using Ansible and Terraform across various industries. | Methodology: approach, enabling the automation and versioning of infrastructure provisioning and management [1]. | Key Findings: 30% reduction; 40% increase; 50% faster recovery times; 50% faster. | Contributions: contribute by: ● Implementing high -availability configurations consistently ● Automating failover and disaster recovery processes ● Ensuring consistent performance across distributed healthcare facilities 5. | Limitations: challenges faced by specific organizations."
"39","International Journal of Scientific Research in Computer Science, Engineering","Authors not extracted","of Scientific Research in Computer Science","of Scientific Research in Computer Science","2025","Methodology: approaches enhance both stability and agility in software deployment, covering dynamic scaling policies, automated rollback mechanisms, and strategies for maintaining consistency. | Key Findings: 93% of enterpr ises have adopted a multi. | Contributions: In conclusion, the evolution of multi -cloud immutable infrastructure workflows represents a significant leap forward in the realm of software deployment and infrastructure management. | Limitations: challenges, this article explores the cutting -edge practices of architecting multi -cloud immutable infrastructure workflows."
"40","Author : Wayan Deden Setyawan1), I Nyoman Piarsa2), Putu Wira Buana3) 346 Integras i Infrastructure as Code  dengan  Continuous","Authors not extracted","Journal not extracted","Journal not extracted","2024","Objectives: The integration of IaC (Infrastructure as Code) with CI/CD (Continuous Integration/Continuous Deployment) helps in producing software that has high quality and productivity | Methodology: method is 13 minutes 34 seconds, while t he average time required for the automatic method is 14 minutes 5 seconds."
"41","ARPaCCino: An Agentic-RAG for Policy as Code","Authors not extracted","arXiv:2507.10584v2 [cs.SE] 4 Nov 2025","arXiv:2507.10584v2 [cs.SE] 4 Nov 2025","2025","Objectives: aim to re- duce operational errors, accelerate provisioning, and support continuous updates throughout the development and operations lifecycle. | Methodology: approach significantly im- proves automation, scalability, reproducibility, and consistency across the entire service lifecycle. | Contributions: contributions of this work can be summarized as follows: –WeproposeanovelapproachtoPolicyasCodegenerationandInfrastructure as Code validation, leveraging agentic systems that combine LLMs, RAG, and external tool integrations. | Limitations: limitations of current IaC and PaC practices, supporting their deeper integration into standard industry workflows."
"42","International Journal of Scientific Research in E ngineering and Management  (IJSREM)","Authors not extracted","of Scientific Research in E ngineering and Management (IJSREM)","of Scientific Research in E ngineering and Management (IJSREM)","2024","Objectives: aims to digitalize startup planning, create a user - friendly environment, capture staff efforts efficiently, and meet user requirements. | Methodology: techniques in IaC demonstrate a revolutionary impact on software development and deployment workflows. | Contributions: In Conclusion, the increasing utilisation of Infrastructure as Code (IaC) is transforming DevOps methodologies by provid - ing hitherto unseen degrees of flexibility, expandability, and dependability for IT operations. | Limitations: challenges in DevOps adoption and application development."
"43","Science and Research (IJSR)","Authors not extracted","Science and Research (IJSR)","Science and Research (IJSR)","2022","Objectives: In today's fast - paced digital landscape, the ability to efficiently manage and scale infrastructure is a critical factor for organizational success | Methodology: approach that treats infrastructure configurations as soft ware code. | Key Findings: 50% reduction in infrastructure deployment ti; 40% increase in the efficiency of its DevOps; 50% reduction; 40% increase. | Limitations: challenges, including managing multiple teams, environments, and compliance requirements."
"44","PIACERE: Programming trustworthy Infrastructure","Authors not extracted","workshop on trustworthy software and open source","workshop on trustworthy software and open source","2021","Objectives: objective of the PIACERE project is thus to provide means (tools, methods and techniques) to enable most organizations to fully embrace the Infrastructure-as-Code approach, 1https://medium. | Methodology: methods and techniques for the Infrastructure-as-Code approach. | Key Findings: 5x LABd. | Contributions: novel DevOps Modeling Language(DOML),thushidingthespecificitiesandtechnicalitiesofcurrentsolutions. | Limitations: challenges from an operational and security perspective."
"45","International Journal of Science and Research (IJSR)","Authors not extracted","of Science and Research (IJSR)","of Science and Research (IJSR)","2022","Objectives: Infrastructure as Code ( IaC ) revolutionizes IT infrastructure management by automating provisioning and configuration through machine - readable definition files , replacing manual processes | Methodology: method of managing and provisioning IT infrastructure using machine - readable definition files , rather than manual configuration processes . | Contributions: contributes to its growth by expanding its ecosystem with modules and best practices ( HashiCorp , 2021 ). | Limitations: challenge of manually handling servers , allowing teams to utilize machine - readable definition files to manage and provision IT infrastructure ( Rangan , 2021 )."
"47","In the dynamic environment of contemporary cloud technologies, combining DevOps with such technologies as IaC","Cost Management, Data Migration, Skill Gaps, Operational Efficiency","Computer and Mathematics Education (TURCOMAT) ISSN: 3048-4855","Computer and Mathematics Education (TURCOMAT) ISSN: 3048-4855","2022","Objectives: aims to provide a vast guideline for organizations trying to match their DevOps model optimally. | Methodology: approaches to the outlined challenges, the author aims to provide a vast guideline for organizations trying to match their DevOps model optimally. | Contributions: contributes to the faster implementation of t he process and the enhanced collaboration between the development and operating teams, which contributes to a better company outcome. | Limitations: challenges, the author aims to provide a vast guideline for organizations trying to match their DevOps model optimally."
"48","Automated Disaster Recovery Infrastructure for HIPAA -Regulated","Authors not extracted","of Computational and Experimental","of Computational and Experimental","2025","Objectives: objectives reduced by a factor of 10 -50x compared to manual methods. | Methodology: Methods: This study implemented an automated disaster recovery system for a web -based healthcare platform using Infrastructure as Code principles. | Key Findings: 70% in test scenarios; 50x compared to manual methods; 120x improvement; 12x while staff hours per test decr. | Contributions: We propose a cloud -native framework that codifies recovery procedures, validates compliance controls, and significantly red uces both recovery time and potential data loss during disaster scenarios. | Limitations: challenges requires rethinking traditional approaches through automation lenses."
"49","European M odern Studies Journal, 2025, 9(5 ) Self-Healing Cloud: Autonomous Resilience through Reinforcement","Alam et al.","Journal Vol 9 No 5","Journal Vol 9 No 5","2025","Objectives: This article presents an autonomous resilience framework for cloud computing environments that leverages reinforcement learning (RL) to enable self -healing capabilities. | Methodology: systems European Modern Studies Journal journal -ems. | Key Findings: 22% of their IT operations budget to incident; 67.3% of service disruptions within the first 4; 41.7% of disruptions; 78.5% accuracy in predicting resource exhaustio; 17% through a combination of faster incident; 91.7% detection accuracy with a false positive. | Contributions: novel autonomous resilience framework that leverages reinforcement learning (RL) to enable cloud systems to detect, diagnose, and recover from failures without human intervention. | Limitations: Future work should be directed toward applying these capabilities to multi -clouds, enhancing explainability to improve human -AI collaboration, and creating tran sfer learning methods to speed deployment to new environments."
"51","Attribution License which permits  unrestricted  use, distribution,  and reproduction in  any medium,  provided  the original  work","Authors not extracted","Information Systems Engineering and Management","Information Systems Engineering and Management","2025","Methodology: models and software -defined configurations, while platform engineering focuses on designing internal platforms that provide developers with secure, self -service access to essential tools and services. | Contributions: contribute to operational confusion, with studies indicating that substantial portions of cloud engineering teams report difficulties in maintaining consistency across different cloud environments due to varying serv ice names and functionality descriptions. | Limitations: challenges, which studies show lead many organizations to experience elevated operatio nal expenses during their cloud migration processes."
"52","Terraform and AWS CDK: A Comparative Analysis of","Authors not extracted","Journal not extracted","Journal not extracted","2024","Objectives: this study aims to compare Terraform and CDK across four aspects: abstraction, scala- bility, maintainability, and performance. | Methodology: techniques and protocols created to support the re- liable and effective delivery of software are included in the DevOps culture [ 7]. | Contributions: in conclusions and trends observed in the experts’ responses are discussed as follows. | Limitations: challenges?"" and""In terms of mainta- inability, what are the best practices for organizing and managing Terraform code over time? And for CDK?"" A total of 12 questions were structured for the interviews."
"53","DRAFTCloudCAMP: Automating Cloud Services","Authors not extracted","arXiv:1904.02184v2 [cs.SE] 9 Apr 2019","arXiv:1904.02184v2 [cs.SE] 9 Apr 2019","2019","Objectives: aim to abstract these detailed speciﬁcations from the users. | Methodology: modeling so that the speciﬁcations and dependencies imposed by the cloud platform and application architecture can be speciﬁed at an intuitive, higher level of abstraction without the need for domain expertise using Model- Driven Engineering(MDE) paradigm. | Contributions: contributions of this paper which introduces a self-service framework and automates whole infrastructure design solutions for these tools. | Limitations: challenges motivate the need for a fully automated platform that can generate the robust deployment plans."
"56","Single and Multi-Cloud Disaster Recovery","Authors not extracted","Journal not extracted","Journal not extracted","2019","Objectives: Objective (RPO) and Recovery Time Objective (RTO). | Methodology: method to minimize the total cost of recovery along with the Recovery Point Objective (RPO) and Recovery Time Objective (RTO). | Limitations: drawback faced due to the single cloud model."
"57","Software and Emerging Technologies Lab (SAET)","Authors not extracted","arXiv:2501.07676v2 [cs.SE] 20 Jan 2025","arXiv:2501.07676v2 [cs.SE] 20 Jan 2025","2022","Objectives: aim to uncover common sustainability smells that impact resource efficiency and environmental sustainability in cloud infrastructure. | Methodology: system configurations, and infrastructure through source code [3]. | Key Findings: 9.67% of the scripts; 1.3% of global energy demand; 20% of global electricity and emit up to 5; 5% of the world; 69% of the practitioners work with and develo; 34.1% of them using Terraform. | Contributions: Novel Cost Based Model for Energy Consumption in Cloud Computing,” The Scientific World Journal, vol. | Limitations: challenges that motivate our study, particularly regarding sustainability standards in IaC."
"59","Latest updates: hps://dl.acm.org/doi/10.1145/3540250.3558912","Authors not extracted","the 30th ACM Joint European Soware Engineering Conference and Symposium on the","the 30th ACM Joint European Soware Engineering Conference and Symposium on the","2026","Objectives: aim at producing stable software (Dev)withreliableoperations(Ops),requiringautomationalongthe whole software deliverypipeline. | Methodology: systems such that no distributed transactionbreaks[ 37],wediscussedanotherinherentlydynamic infrastructure topic. | Contributions: we propose automated, specialized property-based testing for IaC programs andimplement itin ProTI. | Limitations: constraintheorderinwhich resources have to be (un)deployed, i."
"60","Latest updates: hps://dl.acm.org/doi/10.1145/3551349.3556945","Lisbon Lisbon, Portugal ABSTRACT","Automated Soware","Automated Soware","2026","Objectives: This paper presents an approach that enables consistent security smell detection across different IaC technologies. | Methodology: approach that enables consistent security smell detection across different IaC technologies. | Key Findings: 75% of its 20. | Contributions: contributions are: (1)A new inter- mediate representation that can be used to model IaC scripts and on which security smell detection rules can be defined. | Limitations: Challenges The main practical implication of this work is that it is now possible to implement new rules to detect code smells that can be imme- diately applied to a variety of IaC technologies."
"61","Infrastructure as code: A paradigm shifts in cloud resource management and","Authors not extracted","Advanced Engineering Technology and Sciences","Advanced Engineering Technology and Sciences","2025","Objectives: This article examines the emergence of Infrastructure as Code (IaC) as a transformative approach to cloud resource management, analyzing its impact on organizational agility and operational consistency. | Methodology: methodologies and DevOps practic es, highlighting how this convergence facilitates enhanced collaboration between development and operations teams while simultaneously addressing scalability challenges inherent in manual provisioning processes. | Contributions: contribute to business objectives rather than maintaining infra structure [6]. | Limitations: limitations of manual provisioning became increasing ly apparent, driving the industry toward more automated, scalable solutions."
"65","Quality Assurance for Infrastructure Orchestrators:","Computer Science, Tuskegee University","Science and Software Engineering","Science and Software Engineering","2022","Objectives: —Infrastructure as code (IaC) is the practice of auto- matically managing computing infrastructure at scale | Methodology: systematic investigation of defects that occur for infrastructure orchestrators can lay the groundwork for future research. | Key Findings: 0.06% of the defect; 16.5% are the types of builtin; 20.3% of the 22; 0.06% Command Line Interface; 2.39% Collection This component is responsible; 0.01% Compatibility This component facilitates. | Contributions: Contribution is an empirical analysis of defects in components within the Ansible infrastructure orchestrator. | Limitations: limitation by using another rater who is the last author."
"66","Latest updates: hps://dl.acm.org/doi/10.1145/3660790","Mahadi Hassan, John Salvador, Shubhra Kanti","the ACM on Soware Engineering","the ACM on Soware Engineering","2026","Methodology: we apply qualitative analysis to categorize state reconciliation defects. | Contributions: Contributions: Welist our contributionsasfollows: •A derivedlist of defects categories forstatereconciliationin IaC; •An empirical evaluation of how frequentlyidenti/f_ieddefectcategories occur;and •A technique that uses identi/f_ied defect categories to perform validation related to state reconcili- ation. | Limitations: limitations of our paperasfollows: ConclusionValidity :Theidenti/f_ieddefectcategoriesforRQ1arelimitedtothecommitmessages andissuereportsthatweminedfromtheAnsiblerepository."
"68","Latest updates: hps://dl.acm.org/doi/10.1145/3643916.3644439","Mahi Begoug, Moataz Chouchen","Program Comprehension","Program Comprehension","2026","Objectives: This paper introduces TerraMetrics, an open-source tool designed to characterize the quality of Terraform artefacts by providing a cata- logue of 40 quality metrics. | Methodology: method- ology, leading edge of software deployment onto cloud platforms. | Key Findings: 88% and a recall of 97. | Limitations: challenges with Terraform, such as misconfigurations, technical debt, and secu- rity vulnerabilities in its configuration files, which can impede practical adoption and lead to outages of infrastructure [ 12]."
"70","Automation in Cloud-Based DevOps: A Guide to CI/CD Pipelines and Infrastructure as","Anyanwu et al.","Advanced Engineering Technology and Sciences","Advanced Engineering Technology and Sciences","2024","Objectives: aims to demonstrate how automation can significantly enhance operational efficiency, scalability, and security in cloud deployments. | Methodology: frameworks to optimize cloud-based CI/CD automation. | Contributions: novel convergence with potential applications in decentralized cloud environments. | Limitations: challenges, such as scalability, security, and compliance (Buinwi et al."
"72","IaC scripts impact various facets of quality (such as security","Authors not extracted","publications that discuss quality aspects","publications that discuss quality aspects","Unknown","Objectives: goal of our study, explained in consecutive sections. | Methodology: system configurations through code [12], [16]. | Contributions: contribute more than the highest contributor, the corre- sponding script have higher chances to be defective. | Limitations: limitation, and therefore, needs to be systematically summarized and disseminated."
"73","Detecting Drifts in Data Str eams Using K ullback-Leibler (KL) Detecting Drifts in Data Str eams Using K ullback-Leibler (KL)","Authors not extracted","Journal of Data","Journal of Data","2024","Objectives: This study addresses the problem of detecting drifts in data distributions and divergence within the same data ﬁelds(input variables) processed from two different sample popu- lations. | Methodology: method leveraging the Kullback-Leibler (KL) divergence measure, speciﬁcally the Population Stability Index (PSI), to detect and quantify data drift. | Contributions: We propose a scalable method leveraging the Kullback-Leibler (KL) divergence measure, speciﬁcally the Population Stability Index (PSI), to detect and quantify data drift. | Limitations: challenges for data engineering func- tions (Abedjan et al."
"74","Generative AI for Cloud Infrastructure Decision-Making and Self-","Generative AI, Cloud Infrastructure","Artificial Intelligence &","Artificial Intelligence &","2024","Objectives: aiming to advance autonomous cloud operations. | Methodology: framework that leverages generative models to simulate failure scenarios, generate configuration policies, and synthesize runbooks for autonomous recovery. | Contributions: novel faults or adapting to unforeseen failures in real time. | Limitations: future workload patterns and suggesting optimal resource allocations."
"84","European Journal of Computer Science and Information Technology,13(8), 138-147, 2025","Cloud Workloads, European Journal","Computer Science and Information Technology","Computer Science and Information Technology","2025","Objectives: AI-powered cloud orchestration revolutionizes how enterprises manage and optimize their multi -cloud and hybrid cloud environments | Methodology: algorithms for resource allocation, workload balancing, predictive scaling, security enhancement, and self -healing capabilities, organizations can transform their cloud operations from manually -defined workflows to autonomous systems capa ble of continuous optimization. | Key Findings: 87% as of 2024; 45% increase in operational overhead for IT d; 36% greater application availability and redu; 31% compared to organizations with monolithic; 58% of surveyed organizations reporting incre; 42% experiencing integration difficulties acr. | Contributions: novel attack vectors an average of 7. | Limitations: challenges, with 58% of surveyed organizations reporting increased configuration complexity and 42% experiencing integration difficulties across their heterogeneous environments [1]."
"85","IaC Generation with LLMs: An Error Taxonomy and A Study on Configuration","Augmented Generation, Knowledge Injection","ACM Reference Format:","ACM Reference Format:","2025","Objectives: This research investigated methods to improve LLM-based IaC generation, specifically for Terraform, by systematically injecting structured configuration knowledge. | Methodology: techniques was implemented and evaluated, progressing from Naive Retrieval-Augmented Generation (RAG) to more sophisticated Graph RAG approaches. | Key Findings: 27.1% overall success; 75.3% and overall success to 62; 27% success rates on IaC generation tasks; 80% on general programming benchmarks. | Contributions: we propose enhancements to address each of the identified limitations. | Limitations: challenges of the IaC domain and the necessity for specialized approaches."
"86","Feitong Qiao1, Aryana Mohammadi2, Jürgen Cito3[0000−0001−8619−1271], and","Columbia University, New York","arXiv:2402.15632v1 [cs.SE] 23 Feb 2024","arXiv:2402.15632v1 [cs.SE] 23 Feb 2024","2024","Objectives: We propose a tool for fine-grained static usage analysis that works by modeling the inter-resource interactions in an IaC deployment as a set of SMT con- straints, and evaluate our tool on a benchmark of over 1000 real world IaC configurations. | Methodology: modeling the inter-resource interactions in an IaC deployment as a set of SMT con- straints, and evaluate our tool on a benchmark of over 1000 real world IaC configurations. | Key Findings: 49% of IT executives find it difficult to get; 54% of those believe a primary challenge is a. | Contributions: we propose a static analysis method for IaC configuration files that assists users in making correct usage estimates. | Limitations: constraints across edges and nodes to be able to check global constraints."
"87","Pandu Ranga Reddy Konala†, Vimal Kumar†, David Bainbridge†, Junaid Haseeb†","Waikato Hamilton, New Zealand","arXiv:2502.03127v1 [cs.SE] 5 Feb 2025","arXiv:2502.03127v1 [cs.SE] 5 Feb 2025","2025","Objectives: This paper proposes a new IaC code quality framework specifically showcased for Ansible repositories as a foundation. | Methodology: framework offers practitioners a systematic tool for assessing and enhancing IaC scripts, fostering standardization and facilitating continuous improvement. | Key Findings: 100% SaltStack. | Contributions: We propose a framework consisting of a set of quality categories that capture the uniqueness of IaC code as opposed to general software. | Limitations: limitations, the section provides insights into tool usage and discusses methodologies for code quality evaluation and assurance."
"88","Learning (ML) classifiers to distinguish insecure configurations from safe code.","Security Smell, Machine Learning","arXiv:2509.18790v1 [cs.CR] 23 Sep 2025","arXiv:2509.18790v1 [cs.CR] 23 Sep 2025","2025","Objectives: This study addresses the aforementioned challenges by significantly enhancing misconfiguration de- tection through the innovative integration of advanced Machine Learning (ML) approaches with state- of-the-art large language models (LLMs) such as GPT-3. | Methodology: approach on misconfiguration datasets from two widely used IaC tools, Ansible and Puppet. | Contributions: novel or context-dependent misconfigurations that deviate from predefined rules [11, 12]. | Limitations: limitation highlights a critical need for more sophisticated approaches that can interpret the intended meaning and contextual relationships within IaC code, moving beyond simple syntactic checks to identify subtle yet critical security flaws."
"89","Security Smells in Ansible and Chef Scripts: A Replication Study","Akond Rahman, Md Rayhanur","ACM Reference Format:","ACM Reference Format:","2020","Objectives: Goal: The goal of this paper is to help practitioners avoid insecure coding practices while developing infrastructure as code scripts through an empirical study of security smells in Ansible and Chef scripts. | Methodology: systematically identify security smells for other languages namely, Ansible and Chef. | Key Findings: 210% in time savings and 97. | Contributions: Contributions : Compared to our prior research [ 37] in which we reported findings specific to Puppet, we make the following additional contributions: •A list of security smells for Ansible and Chef scripts that include two categories not reported in prior work[ 37]; •An evaluation of security smell frequency occurring in Ansible and Chef scripts. | Limitations: limitations in Section 8, and conclude our paper in Section 9."
"90","The Ultimate Configuration Management Tool?","Lisbon Lisbon, Portugal Alexandra","Journal not extracted","Journal not extracted","2026","Objectives: aim to deepen the understanding of the chal- lenges faced by Ansible users. | Methodology: Modeling 1 Introduction Infrastructure as Code (IaC) has emerged as a critical paradigm in modern software engineering, enabling organizations to automate the configuration, provisioning, and management of IT infrastruc- ture. | Key Findings: 80% of all attribu. | Contributions: contributions are: •A large-scale empirical analysis of 59,157 online discussions from Stack Overflow, Reddit, and the Ansible Forum to identify common challenges and issues in Ansible. | Limitations: challenges, such as unintuitive debug- ging mechanisms, inconsistent behaviors, and complex learning curves."
"91","Title not extracted","Authors not extracted","the 52nd Hawaii International Conference on System Sciences | 2019","the 52nd Hawaii International Conference on System Sciences | 2019","2019","Objectives: goalistoprovidemoreresources,betterscalabilityandﬂexibilityforlessmoney[4]. | Methodology: systemsareconstructedwitharchitecturesdesignedforcurrenttimesandplannedwitharchitecturesforthenearfuture. | Contributions: contributionofthispaperistohighlighttheapproachofcontainerizingallpartsofthearchitectureanditsenvironment. | Limitations: challengesinmaintenanceoflargescalearchitecturesaretoagreatextentcontextdependentandtherehasbeensomerecentresearchaddressingtheimpactofcontinuousdeploymenttogetherwithDevOpsonthearchitecture[9]."
"92","Cloud Service: A Focus on Identity and Access","Infrastructure Automation, Cloud Security","for Multidisciplinary Research (IJFMR)","for Multidisciplinary Research (IJFMR)","2024","Objectives: This comprehensive article examines the transformative role of infrastructure automation within cloud services, focusing on automated controls and Identity and Access Management (IAM) systems | Methodology: frameworks while enabling scalable operations. | Key Findings: 76% reduction Operational Efficiency Resource; 60% reduction Cost Savings Infrastructure Man; 45% reduction Compliance Audit Preparation Ti; 65% reduction Incident Detection Threat Detec; 65% improvement Table 1; 75% reduction Configuration Error Rate 15. | Limitations: challenges in cloud security: access control."
"93","E cient Uni ed Self-Service Sustainable Cloud","Cloud Management, Cloud Connectors","Science and Engineering","Science and Engineering","2025","Objectives: Goals, particularly SDG 9 ( Industry, Innovation, and Infrastructure), SDG 12 (Responsible Consumpti on and Produc- tion), and SDG 13 (Climate Action), demonstrating that operati onal eﬃciency and environmental sustainability can be simultaneously ach ieved in multi-cloud environments. | Methodology: systems,orGCP’sadvancedmachinelearningcapabil ities. | Key Findings: 40% while mainta ining consis; 45% reduction in ca rbon footprint for ﬂexibl; 35% improvement in resource utilizatio n; 40% improvemen t in resource eﬃciency through; 35% reduction in unnecessary resource consump; 45% reduction in carbon footprint for ﬂexible. | Contributions: novel Green Score metri c that integrates real-time utilization, energy eﬃciency, and appli cation performance data—through integration with provider-speciﬁc sustainabili ty tools and intel- ligent workload placement, achieving up to 45% reduction in ca rbon footprint for ﬂexible workloads and 35% improvement in resource utilizatio n. | Limitations: challenges in seamless integration and uniﬁed management [ 1]."
"94","Policy framework for Cloud Computing: AI, governance, compliance and management","Authors not extracted","Engineering and Technology Advances","Engineering and Technology Advances","2024","Objectives: aim to balance cost -efficiency with performance reliability. | Methodology: framework to ensure secure, ethical, and effective cloud usage. | Contributions: In summary, a comprehensive policy framework for cloud computing is crucial in guiding organizations through the complex terrain of AI integration, governance, compliance, and management. | Limitations: challenges, particularly in areas such as data security, regulatory compliance, and the ethical deployment of advanced technologies like artificial intelligence (AI) ( Kumar, 2022 )."
"95","Automated compliance management in hybrid cloud architectures: A policy -as-code","Compliance Automation, Regulatory Compliance, Continuous Compliance","Advanced Engineering Technology and Sciences","Advanced Engineering Technology and Sciences","2023","Objectives: Objectives of the Study The purpose of this study is to look into the application of Policy -as-Code as a fundamental strategy for automating compliance management in hybrid cloud settings. | Methodology: model for PaC in tegration across hybrid environments, and presents a reference architecture and workflow design for ensuring continuous compliance. | Limitations: Limitations The management of regulatory compliance in hybrid cloud architectures which generally blend on -premises infrastructure with public cloud services like AWS, Azure, or GCP is the main topic of this study."
"96","European M odern Studies Journal, 2025, 9(5 ) AWS Compliance Acceleration: Integrating Preventive, Detective, and","Compliance Automation, Cloud Governance","Journal Vol 9 No 5","Journal Vol 9 No 5","2025","Methodology: Framework, Preventive Cloud Controls, Compliance Monitoring Systems, Infrastructure as Code Security European Modern Studies Journal journal -ems. | Limitations: challenges maintain ing consistent protection across dozens of accounts, addressing both programmatic and manual resource creation methods, and ensuring standardized controls function correctly across hundreds of distinct services."
"97","Optimizing hybrid and multi-cloud architectures for real-time data streaming and","Authors not extracted","Advanced Engineering Technology and Sciences","Advanced Engineering Technology and Sciences","2022","Objectives: this paper aims to offer actionable recommendations to practitioners, researchers, and policymakers in the field of MI. | Methodology: algorithms used in orchestration, resources can be effectively allocated and loaded in the heterogeneous cloud infrastructures in the most efficient and optimum way thus reducing operational costs. | Contributions: contribute to the significance of this intersection: World Journal of Advanced Engineering Technology and Sciences , 2022, 07(01), 174 –185 176  Scalability and Flexibility: Multi -cloud environments provide opportunities to spread computations across different cloud platforms in an organization, incr easing their scalability and potential balanci | Limitations: challenges experienced while using AI within different cloud platforms."
"98","M. Gonzalez∗, M. Acosta†, Fermi  National  Accelerator  Laboratory, Batavia,  Illinois,  USA","Authors not extracted","software engineering and infrastructure","software engineering and infrastructure","Unknown","Objectives: GitOps is a foundational approach for modernizing in- frastructure by leveraging Git as the single source of truth for declarative configurations | Methodology: system data acquisition and the inclu - sion of AI/ML in our accelerator complex. | Limitations: Future work for this project includes stress testing, chaos engineering and the incorpora - tion of more robust tests within the CI/CD pipeline."
"100","Víctor Gallego-Fontenla, Juan C. Vidal, and Manuel Lama","Authors not extracted","arXiv:1907.04276v1 [cs.AI] 9 Jul 2019A Conformance Checking-bas","arXiv:1907.04276v1 [cs.AI] 9 Jul 2019A Conformance Checking-bas","Unknown","Objectives: we present C2D2 (Conformance Checking-based Drift Detection), a new approach to detect sudden control-ﬂow cha nges in the process models from event traces. | Methodology: techniques with conformance checking methods to perform an ofﬂine detection. | Contributions: novel and fully automatic approach based on discovery and conformance checking teckniques for ofﬂin e detection of sudden concept drifts in the control-ﬂow of pro cess models. | Limitations: challenges: a) the inherent complexity of process models, t hat can contain and combine different structures such as sequen ces, loops, parallel branches and choices; and b) the distinctio n between a change and an outlier, which is not always clear and may depend on the application domain."
"102","Latest updates: hps://dl.acm.org/doi/10.1145/3716169","Pedro Gamallo-Fernandez, Juan C. Vidal","Knowledge Discovery from Data","Knowledge Discovery from Data","2026","Methodology: Models Using Conformance Metrics VÍCTOR GALLEGO-FONTENLA ,PEDRO GAMALLO-FERNANDEZ ,JUAN C. | Contributions: contributions of the proposed approach are: (1)Theformaldemonstrationoftheimpactofgradualdriftsonfitnessandprecisionmetrics . | Limitations: challenge:thedata—executiontracesfromaprocess—maycontainpartialinformationaboutthe processstructurethatcanonlybecorrectlyunderstoodwhenlookingatthewholesetoftraces."
"103","Abderrahmane Maaradji, Marlon Dumas, Marcello La Rosa and Alireza Ostovar","Abderrahmane Maaradji, Marlon Dumas, Marcello La","Journal not extracted","Journal not extracted","2020","Objectives: This paper proposes an automated and statistically grounded method for detecting sudden and gradual business process drifts under a uniﬁed framework. | Methodology: method for detecting sudden and gradual business process drifts under a uniﬁed framework. | Contributions: we conclude that the distribution in the transition interval is not consistent with any linear mixture of the distribu- tions of the surrounding fragments (no gradual drift). | Limitations: limitation of existing methods is that they are de- signed to detect either gradual drifts or sudden drifts, but not both."
"104","U.S. Food and Drug Administration","Authors not extracted","Science and Engineering Laboratories","Science and Engineering Laboratories","2024","Objectives: We propose a ML-enabled Statistical Process Control (SPC) framework for out-of- distribution (OOD) detection and drift monitoring. | Methodology: methods often fail with data that deviates from their training distribution. | Contributions: We propose a framework for OOD detection and drift monitoring that is agnostic to data, modality, and model. | Limitations: challenge is common in supervised machine learning models, which are often designed to classify inputs into predetermined classes and may struggle with unknown or irrelevant inputs [ 2,3]."
"107","Data drift detection and mitigation: A comprehensive MLOps approach for real -time","Authors not extracted","of Science and Research Archive","of Science and Research Archive","2024","Objectives: this work aims to achieve The study explores different forms of data drift and their consequences, especially on real -time systems, the tools and methods used in monitoring the drift and methods used in containing the same. | Methodology: methods of its prevention within the framework of MLOps. | Key Findings: 80% indicates significant drift. | Contributions: contributes to prior probability drift is the increase in fraud transactions during the holiday seasons. | Limitations: Constraints The identification of drifts also needs to happen in real -time, although it should not burden the system with considerable latency."
"108","Context-Aware Drift Detection","Recht et al.","the 39thInternational Conference on Machine","the 39thInternational Conference on Machine","2019","Objectives: When monitoring machine learning systems, two- sample tests of homogeneity form the foundation upon which existing approaches to drift detection build | Methodology: models are designed to operate on unseen data sharing the same underlying distribution as a set of historical training data. | Contributions: We propose using k-fold cross-validation to identify regularisation pa- rameters that minimise the validation error in this regression problem. | Limitations: future work we intend to further explore how certain com- binations of contexts and statistics may be used to target certain types of drift, such as covariate drift into regions of high epistemic uncertainty."
"109","Drifter: Efficient Online Feature Monitoring for Improved Data Integrity in","Nir Ki-Tov, Lee Edelist, Natalia Silberstein, Hila Weisman-Zohar","ACM Reference Format:","ACM Reference Format:","2023","Objectives: We introduce Drifter, an efficient and lightweight system for online feature monitoring and verification in recommendation use cases. | Methodology: system that handles up to a billion predictions per second. | Contributions: contributions Productization of new signals (features) can be expensive and time- consuming. | Limitations: challenges, it is crucial to have a mechanism in place to monitor and automatically raise alerts based on predefined conditions that indicate problematic change in feature values."
"113","Jan Mendling1r000000027260524Xs, and Artem Polyvyanyy2r0000000276721643s","Maaradji et al.","arXiv:1907.06386v1 [cs.AI] 15 Jul 2019","arXiv:1907.06386v1 [cs.AI] 15 Jul 2019","2019","Objectives: objective is to explain the change of the system’s behavior in a dynamically changing non-stationary environment based on some hidden context [11]. | Methodology: models 1 Introduction The availability of data has extended conceptual modeling as a research ﬁeld of manually created models with automatic techniques for generating models from data. | Contributions: novel technique for process drift detection, called Visual Drift Detection (VDD), which addresses the identiﬁed research gap. | Limitations: constraints [ 2,10] and time series analysis [ 6]."
"114","Towards Non-Parametric Drift Detection via Dynamic Adapting Window","Ditzler et al.","the 37thInternational Conference on Machine","the 37thInternational Conference on Machine","2020","Objectives: aims for non-parametric drift detection of diverse drift characteristics. | Methodology: models are subject to seasonal changes, changed demands of individual costumers, ageing of sensors, etc. | Key Findings: 2x andh2H. | Contributions: contribution is threefold: (I) We formalize two different notions of drift which are used in the literature, namely drift as change of probabili- ties, and drift as change of a loss function, which is used for popular drift detection methods, and we show the equiva- lence of these notions; (II) we provide a novel mathematical Towards non-parametric"
"116","Academic Editor: Andreas Holzinger","Authors not extracted","Journal not extracted","Journal not extracted","2024","Objectives: we introduced varying levels of additive Gaussian noise to the test data regard- ing average and typical deviation values. | Methodology: model needs retraining using updated data to adapt to the evolving process dynamics. | Contributions: contribution to the multidimensional drift present in the data. | Limitations: limitations of our study, the most important being the restricted scope regarding the synthetic dataset used."
"119","Tackling data and model drift in AI: Strategies for maintaining accuracy during ML","Authors not extracted","of Science and Research Archive","of Science and Research Archive","2023","Objectives: In machine learning (ML) and artificial intelligence (AI), model accuracy over time is very important, particularly in dynamic environments where data and relationships change | Methodology: methods, and online learning models to enhance adaptability. | Contributions: novel means of addressing the crisis of drift management in the field of AI. | Limitations: Challenges in Managing Drift Despite effective strategies to handle Drift in machine learning models, several challenges exist."
"123","Massive Online Analysis Framework. The important feature of the present study is","Balas et al.","Intelligent Systems and Computing 839","Intelligent Systems and Computing 839","2019","Objectives: The growth and development of the information and communication technology of the present era resulted in huge amount data generation | Methodology: methods using 2 stream generators abrupt and gradualunder this frame work respectively. | Contributions: novel approach based on the learning method which is incremental. | Limitations: challenges of handling both the online and of ﬂine data streams."
"124","Florian Stertz, Stefanie Rinderle-Ma","Florian Stertz, Stefanie Rinderle-Ma","Journal not extracted","Journal not extracted","Unknown","Objectives: This work aims at detecting changes in process data, called data drift in the following, from process event streams at run-time. | Methodology: algorithms for detecting and representing concept drifts in control ow from event streams. | Contributions: contribution of this work focuses on events and their data at- tributes. | Limitations: challenges will be tackled along the fol- lowing research questions: RQ1 How to detect data drifts from process event streams online, i,e."
"125","Open-Source Drift Detection Tools in Action:","Oy Helsinki, Finnland Davor","ACM Conference (Conference’17). ACM","ACM Conference (Conference’17). ACM","2024","Objectives: we present a mi- crobenchmark study, called D3Bench, which evaluates the efficacy of open-source drift detection tools. | Methodology: algorithms is broadly intertwined with the quality of the data used for both training and serving purposes [1]. | Contributions: In summary, there is a recognizable data drift in the input variables 𝑥, but no such drift is de- tected in the target variable 𝑦. | Limitations: challenge that can compromise both model performance and data integrity is the phenomenon of data drift."
"126","Federated Learning Drift Detection: An Empirical Study on the Impact of Concept","Tartu Tartu, Estonia Email","Journal not extracted","Journal not extracted","Unknown","Objectives: This paper proposes a novel drift detection and management methodology within federated environments. | Methodology: systematically evaluates the impact of drift on model performance metrics, including accuracy, F1 score, Cohen’s kappa, and ROC. | Contributions: contribute to the final decision based on their accuracy. | Limitations: challenges of model drift in FL environments."
"127","Rebecca A. Agustin , Devin W. Quinn , and Steven B. Leeb ,Fellow, IEEE","Authors not extracted","NEURAL NETWORKS AND LEARNING SYSTEMS","NEURAL NETWORKS AND LEARNING SYSTEMS","2023","Objectives: This article introduces a multilevel frameworkof classiﬁcation techniques a pplicable to machine learning problems facing the following challenges: 1) concept drift;2) one-shot or few-shot learning; and 3) extreme veriﬁcationlatency. | Methodology: frameworkfor adaptation and drift tracking. | Contributions: novel class detection andclassiﬁcation (SAND) algorithm [21]. | Limitations: challenge in loadidentiﬁcation is ensuring correct results even amidst changing operating conditions and fault s cenarios."
"128","Arabian Journal for Science and Engineering (2025) 50:11145–11166","Authors not extracted","Science and Engineering (2025) 50:11145–11166","Science and Engineering (2025) 50:11145–11166","2025","Objectives: we present a comprehensive analysis of the per- formance of CUSUM control charts under both linear andquadratic drifts for mean and median estimators, extendingthe traditional focus beyond normal process environments to include student’s t and Gamma distributions. | Methodology: methods, this research provides valuable guidance for industries seeking to improveprocess monitoring and product quality. | Contributions: novel contribution that aids inthe precise selection of the most effective chart for speciﬁc monitoring scenarios. | Limitations: limitations, including the scope restricted to linear and quadratic drifts and theneed for further exploration of other drift types."
"134","Tarek Ghoniemy and Maria A. Amer","Computer Engineering, Concordia University","IEEE ICASSP 2020","IEEE ICASSP 2020","2020","Objectives: This paper proposes a method that ﬁrst detects, at each frame , if a tracker tends to drift by analyzing saliency features of the output BB of a tracker, and then applies au- tomatic seeded object segmentation on the BB to correct the drift once detected. | Methodology: models drift external to a base tracker by exam- ining its output BB at each and corrects drift, as needed, by updating that BB adaptive to segmentation. | Key Findings: 34% to SAMF tracker. | Contributions: we propose to use visual saliency to detect if a drift is about to occur. | Limitations: drawbacks: ﬁrst, it is computation- ally intensive; second, segmentation may become inaccurate which may mislead the tracking."
"136",", Volker Schatz1, Norbert Scherer-Negenborn1, Michael Arens1and","Physical Geodesy, Technical University","mdpi.com/journal/sensors","mdpi.com/journal/sensors","2019","Objectives: This article presents a new method for obtaining the curve without additional hardware and clock drift correction without the PLL integrator. | Methodology: approach to the estimation of signal power correction curves requires additional measurement equipment. | Contributions: Contributions: The idea for the power self-calibration algorithm as well as the clock drift correction was done by J."
"137","Naila Ardelia1, Lindawati1*, Nurhajar Anugra ha1","Authors not extracted","Journal not extracted","Journal not extracted","2024","Objectives: This research aims to compare the implementation of deployment automation using Google Cloud Deployment Manager and Terraform. | Methodology: method that provides shared computing resources, including applications, computing , storage, networking, development, and deployment platforms, as well as business processes [1]. | Key Findings: 20% Very Poor 21; 40% Poor 41; 60% Average 61; 80% Good 81; 100% Excellent Performance comparison using GT. | Contributions: Novel Google Kubernetes and Microsoft Kubernetes to compare the performance of these two tools."
"138","Title not extracted","Authors not extracted","of Advanced","of Advanced","2025","Objectives: This article aims to demystify the fundamentals of multi - cloud architectures, offering a comprehensive examination of their principles, implementation challenges, and strategic benefits. | Methodology: frameworks, data orchestration tools, and software - defined networking, create the integration frame work necessary for coherent operations. | Limitations: challenge into a resilience advantage, with the research documenting significantly higher rec overy success rates for organizations employing multi - cloud disaster recovery strategies than those dependent on single - cloud deployments experiencing similar service disruptions."
"139","Designing multi -cloud architecture models for enterprise scalability and cost","Authors not extracted","Engineering and Technology","Engineering and Technology","2024","Objectives: aims to explore how multi -cloud architecture can support enterprise scalability by enabling businesses to distribute workloads across multiple cloud providers. | Methodology: models, ensuring better resource utilization and reducing the risk of under or over -provisioning. | Contributions: contributions of AI/ML is the ability to enhance resource management across multiple cloud platforms. | Limitations: challenges in managing scalability and cost in single -cloud environments (Adepoju et al ."
"142","With policies embedded as runnable code, organizations may achieve proactive control of risks, regulatory controls, and","Authors not extracted","nature of DevOps workflows","nature of DevOps workflows","2023","Objectives: This article presents a critical review of the advantages, obstacles, and strategy that is required to implement Compliance -as-Code in Modern DevOps environments. | Methodology: system configurations, deployments, and policies change frequently (Mohan & Othmane, 2016). | Limitations: challenged (Beal, 2016; Sharma & Coyne, 2015)."
"143","Int. j. adv. multidisc . res. stud. 2024; 4(6):2559 -2569","Lakehouse Architecture, Compliance Automation, Continuous Governance","of Advanced Multidisciplinary Research and Studies www.multiresearchjournal.c","of Advanced Multidisciplinary Research and Studies www.multiresearchjournal.c","2024","Objectives: This paper proposes a novel DevSecOps Policy -as-Code (PaC) model tailored for lakehouse environments that automates compliance enforcement across data ingestion, transformation, storage, and consumption layers. | Methodology: model tailored for lakehouse environments that automates compliance enforcement across data ingestion, transformation, storage, and consumption layers. | Contributions: contributions lay the foundation for a more secure, automated, and accountable data management ecosystem. | Limitations: challenged to not only ensure efficient data operations but also to maintain strict compliance with complex, dynamic regulatory environments [8, 9]."
"144","Policy -driven infrastructure hardening using CI/CD pipelines in enterprise","Hub Actions, Open Policy","of Science and Research Archive","of Science and Research Archive","2022","Objectives: The way modern businesses are speeding up software implementation using CI/CD, securely managing infrastructure automatically has never been more essential | Methodology: approach and intelligent policy engines. | Contributions: contributes to security in large organizations. | Limitations: Challenges While strengthening infrastructure through policies in CI/CD pipelines is a good plan for future enterprise security, there are still some problems and obstacles to keep in mind."
"145","Configuration and compliance automation in modern networks: A framework for","Authors not extracted","Advanced Engineering Technology and Sciences","Advanced Engineering Technology and Sciences","2025","Objectives: This article examines the critical role of configuration and compliance automation in addressing these challenges, offering a structured approach to standardizing network configurations, detecting deviations from established baselines, and enforcing securi ty policies. | Methodology: frameworks, in cluding centralized policy repositories, configuration management tools, continuous monitoring systems, and automated remediation workflows. | Key Findings: 217% since 2020; 83% of network administrators spend over 60; 71% of organizations experienced at least two; 74% of all network outages; 68% of these cases; 76% of organizations struggle with ensuring c. | Limitations: challenges are compounded by human error, accounting for approximately 74% of all network outages, with misconfigurations being identified as the primary contributor in 68% of these cases."
"146","Process mining provides techniques to learn models from event data.","Niklas Adams, Cameron Pitsch, Tobias Brockhoff","the VLDB Endowment","the VLDB Endowment","2023","Objectives: goals out of accuracy, latency, versatility, scalability, parameter sensitivity, and robustness. | Methodology: techniques to detect PCDs have been proposed. | Contributions: contributions are the following: •We comprehensively collect evaluation goals and corresponding evaluation techniques used throughout the literature to compare PCD detection techniques. | Limitations: challenge, the broader field of GCDD offers interesting new approaches—for example, based on multiple hypothesis tests or ensemble models [ 18]—that have not yet been investigated for PCD."
"147","Rosana Noronha Gemaque1,2| Albert França Josuá Costa1,3| Rafael Giusti1|","Noronha Gemaque, Albert Fran","Journal not extracted","Journal not extracted","2019","Objectives: this work presents a comprehensive over- view of approaches that tackle concept drift in classification problems in an unsupervised manner. | Methodology: models that operate in this context must be updated over time. | Key Findings: 85% supervised; 5% unsupervised. | Contributions: contribution includes a proposed taxonomy of state-of-the-art approaches for concept drift detection based on unsupervisedstrategies. | Limitations: limitation inspired Sethi and Kantardzic (2017) to propose an improved version of MD3 to avoid the aforemen- tioned drawback of the first version."
"148","Anton Y eshchenko, Claudio Di Ciccio, Jan Mendling, and Artem Polyvyanyy","Di Ciccio, Jan Mendling","IEEE TRANS. VIS. COMPUT. GRAPH.","IEEE TRANS. VIS. COMPUT. GRAPH.","2021","Objectives: aims to support process analysts by facilitating the visual analysis [19] of process drifts. | Methodology: techniques is an ongoing research challenge. | Key Findings: 20x X 1 Visual Drift Detection for; 20x X 2 Figure 1; 20x X 3 Figure 2. | Contributions: novel system for process drift detection, named Visual Drift Detection (VDD), which addresses the identiﬁed research gap. | Limitations: constraints [20], [21] and time series analysis [22]."
"150","8 Fig. 3. Comparison of multi-center schemes break-down by drift types and window-size conditions","Authors not extracted","data de-identification","data de-identification","Unknown","Objectives: aims to enable adaptable and localized detection of drift while also supporting global aggregation of drift signals across all agents. | Methodology: framework for detecting drift and assessing its sever-ity in multisite clinical AI systems. | Key Findings: 10.3% in drift detection; 74.3% for drift detection and 83; 7% for drift severity classifi. | Contributions: we propose an agent-based drift monitoring framework suitable for mul-tisite CDSS with dedicated drift monitoring agents to each clinical site."
"151","Jameson Merkow1,*,†, Felix J. Dorfner2,3,†, Xiyu Yang2,3, Alexander Ersoy1, Giridhar","Authors not extracted","Sciences (HLS)","Sciences (HLS)","2024","Objectives: aims to assess whether the model’s predictions remain accurate, it frequently fails to identify the root cause of performance changes such as changes in the input data. | Methodology: methodologies, providing a more scalable and adaptable solution for real-world healthcare settings and offers a reliable and cost-effective alternative to continuous performance monitoring addressing limitations of both continuous and periodic monitoring methods. | Contributions: contributes to the broader adoption and integration of AI solutions in clinical settings. | Limitations: challenges while maintaining quality care."
"152","Hyderabad, IndiaKancheti Sai Srinivas","Technology Hyderabad, India Vineeth","Joint International Conference on Data Science and Management of Data","Joint International Conference on Data Science and Management of Data","2018","Objectives: purposes: (i) Retain an accurate model and (ii) Discovery of knowledge or insights about change in the relationship between input features and output variable w. | Methodology: method is superior to existing interpretable methods (especially on real-world datasets) and on par with state- of-the-art black-box drift detection methods. | Contributions: we propose feature-inTeraction awaRe InterPretable mOdel Drift Detection (TRIPODD), a method that leverages hypothesis testing and model risk to detect model drift and simultaneously interpret it w."
"153","Université Côte d’Azur","Authors not extracted","arXiv:2203.04769v2 [stat.ML] 11 Jun 2023","arXiv:2203.04769v2 [stat.ML] 11 Jun 2023","2023","Objectives: we propose a new concept drift detection method based on autoregressive models called ADDM . | Methodology: approach is theoretically guaranteed as well as empirical and effective for the detection of various concept drifts. | Contributions: we propose to integrate an autogressive time series model inside the machine learning loop by considering the model’s error as a time series. | Limitations: future works we aim to use auto-regressive models to detect concept drifts using directly the input data instead of the error rate or the model’s uncertainty."
"154","Demo: LE3D: A Privacy-preserving Lightweight","Authors not extracted","nature of these sensors","nature of these sensors","2022","Objectives: This paper presents LE3D; a novel data drift detec- tion framework for preserving data integrity and conﬁdentiality. | Methodology: framework is publicly available at github. | Contributions: novel lightweight data drift detection frame- work."
"155","Noname manuscript No.","Vitor Cerqueira, Heitor Murilo","arXiv:2103.00903v1 [cs.LG] 1 Mar 2021","arXiv:2103.00903v1 [cs.LG] 1 Mar 2021","2021","Objectives: goal in this paper is to address concept drift detection in an unsuper- vised manner. | Methodology: approach can detect concept drift and present a competitive behaviour relative to the state of the art approaches. | Contributions: we propose a novel approach to tackle this problem using a student{teacher learning paradigm called STUDD (Student{ Teacher approach for Unsupervised DriftDetection). | Limitations: challenge for learning algorithms that rely on concept drift detection as the unavailability of the labels precludes their application [17]."
"156","Index Terms—Concept drift, unsupervised learning, machine","Authors not extracted","arXiv:2506.08734v2 [stat.ML]","arXiv:2506.08734v2 [stat.ML]","2020","Objectives: goal is to detect whetherP R(x) =P D(x). | Methodology: algorithm that uses classical statistical process control in a label-less setting to accurately detect concept drifts. | Contributions: Contributions Our main contributions are as follows: •We introduce a flexible and efficient framework (Algo- rithm 1) that uses the idea of batching for drift detection without labels – the flexible choice being the option to choose the statistical distance between batches of data. | Limitations: constraint that all sets need to be of equal sizes."
